A	-5.755628751149562	-0.5547466208594254
A	-1.8525359200077354	-2.5577820077573334
A	-6.519323262656405	-2.1831890410037404
A	-0.11917416052170005	1.3245932593968548
A	-4.5965606743741345	-1.8821251377859252
A	-1.4113234997421096	-0.3989498997079101
A	-2.758504022691954	-2.0321610449432974
A	2.397257383151598	4.28699113727409
A	-5.350146269658382	3.6811542253984504
A	-6.683863932030875	0.31397350724937184
A	-1.8624354388027982	-0.843370026458916
A	-4.121188076418876	-1.7340144173011898
A	-2.2363140735580935	-0.7124316698623873
A	-2.3008152636582735	1.5387998117778208
A	0.6106498036565084	2.121451840277046
A	1.5220593335510602	-0.027888445132816103
A	2.4319446076439926	0.50266817981912
A	0.2964523900767895	-3.08515065364713
A	-0.9643089556909211	1.689588430600616
A	3.271071828531582	1.0139722487812382
A	-3.7232715618382013	3.1975651087322023
A	-0.29484680407471275	4.794106928073972
A	9.199890425864426	2.5655746366607812
A	-8.90282577668112	0.2159941667675649
A	2.9043028575080765	-0.7531410231235502
A	3.043536918205043	0.2679246771055051
A	-0.7664851049110395	-3.9907898561612503
A	2.9776344468514915	2.3053453050253165
A	0.5431641889108476	0.20174723886553655
A	-4.223797339613128	-2.0822090260279715
A	1.702053664085215	0.5106480253878382
A	-3.6685559519733126	-3.359300390102312
A	4.965677603847795	0.8394800537733444
A	-1.5278615638933277	1.5908465260261146
A	0.12495329677622524	3.727582678072949
A	-3.9844433094270766	2.0691384971183475
A	5.623214346804955	-1.6419679823299993
A	0.036707851449401474	1.0863306881485548
A	0.3966834027137829	2.6292852042876316
A	7.766209522271442	1.9060899168449343
A	-4.433811541080802	-1.53216124191582
A	1.380083478270528	-2.3057106547158153
A	2.983772705929552	1.618794873014754
A	-7.303631271568944	-2.7006500576088306
A	-7.044957161646929	-2.651492989627139
A	-11.078753888150068	-1.8473826214833762
A	-7.308323649090167	0.02529993772356892
A	1.6743710609704427	-0.9974110407234008
A	-6.913600835521159	-1.919496397705267
A	-7.520854415881221	0.6839572626721008
A	-0.4013586295638627	-0.19023564582284985
A	0.9982933557552689	0.6126952021984565
A	-2.02874133164846	0.041625857410047734
A	3.5466827613997918	3.2228171794204297
A	0.8467445783642105	-4.702482817190164
A	-4.188469418453785	1.001555406366871
A	-2.3065118554517117	-0.03046284056778578
A	-6.630463820295715	3.786965347132166
A	9.470141531684838	2.157903296075929
A	-3.1273073050658966	0.6940163308471202
A	-3.9962527087020128	1.2324627692373566
A	-2.3128282816743386	-2.708183388897692
A	-3.300436404113592	2.099313004288702
A	-0.8665972513794797	-0.7216179264462704
A	-3.200293997172068	-1.1843401763217165
A	-1.6954771524803156	-1.000161476048522
A	7.225688484877518	1.3613955650110827
A	-3.8751084415924284	0.49269189755067677
A	-0.2504502632022434	0.09440622509012972
A	-4.625055951377382	-5.034429371581616
A	-11.040930782860817	-0.878814102187941
A	-3.816185891626636	1.1082731284044212
A	-1.0025407581215915	0.3395832094870947
A	-1.7129141426088186	-0.3102921990447564
A	-4.295192422031457	-0.7484026511375345
A	0.39392885944335965	0.2425049757364982
A	6.893404893874282	1.3881612690720717
A	-2.1951259943694965	-1.5858056855083005
A	-3.0975145159185775	0.43217258452704754
A	-3.701999882083043	-1.1714377988093883
A	-3.9418132840921345	0.8545995478684099
A	-6.99655488602368	-0.7265241869625745
A	1.1861864715829635	3.194708620340938
A	-2.5171116506989026	1.1444843093870078
A	2.1416757113371614	-1.3171157650981362
A	-3.181423625092061	-3.75895091541077
A	2.983411545135988	1.5216695498019484
A	-6.531699855378492	-1.1433820014219875
A	-8.7030809286539	-0.5833730413214879
A	-5.409393308759794	3.236411073466199
A	-2.3034095448389103	-0.8733935458584475
A	-4.983866292529976	-1.059909851794317
A	1.0492989392285268	-1.0423283173914015
A	7.309586833944497	1.4497786401406212
A	7.649575182624378	1.7377889555090067
A	1.8179728145435003	1.942228443978558
A	-2.6547278408838593	3.584663836574432
A	-2.5757116510774027	-1.4517502710883359
A	3.4071552450277167	1.0428467450519094
A	1.1281670388901892	1.5921016020532592
A	-1.8956123876105322	0.4320401239168111
A	-5.740737767219106	-0.3017294095367632
A	-3.8892306429654773	0.42427615915060357
A	-5.523725909986023	0.6315091185284119
A	7.81369746394275	-1.0672071684429354
A	0.3541540120144768	0.5491683098393938
A	0.24723067887689254	0.20547324450243673
A	1.1233157225550001	1.1041237601261964
A	-5.951185202683995	-2.8318449947182245
A	1.556852994672274	0.2715236235426333
A	9.802853441964585	0.6126249097101586
A	7.908847507921628	0.0747482721352068
A	-3.7739798421436226	1.5711622406351036
A	3.144860488943759	1.9301198138622695
A	5.855229565290002	0.883910654705401
A	-2.2910723153772756	0.12379277908802246
A	2.1456492553202886	-1.175732281303012
A	-2.81490870594647	-3.8336749544607436
A	-4.626355049302185	-0.59557826724681
A	-0.6709503605983163	-0.1884694601942226
A	-9.200613663331168	-2.2591431454073176
A	0.998578946414153	1.8101706048091077
A	-3.120736282563759	-0.2346421604271277
A	4.963990886707381	-0.5024736402273675
A	-0.4000364582771474	-0.862692650206411
A	3.2835374575494995	1.1947175008002686
A	-3.712158078912782	-0.7446107447527306
A	7.604318419058192	1.1271323167168465
A	-2.791828885914409	0.007367852529195876
A	-3.1790678644430916	2.1926636979087037
A	-4.8117321635729935	-1.2917142938292756
A	-8.73074307378058	1.0818729281426906
A	-2.0109598877420476	-1.6817468872967307
A	-2.2081049550773226	-0.07234366340814591
A	-0.14339733522825426	1.349772071952878
A	-10.5229344803981	2.617206242057737
A	-0.5364735350612316	-0.1281319292341982
A	-8.496941099309097	-0.5704280964943171
A	3.072686315221782	-0.854867784391785
A	-2.9099153405235714	-0.9810103307793878
A	-5.14057201044604	0.9874427257415163
A	6.0213082637645305	-0.6754357287460747
A	0.2904903411713695	-1.1367567279382274
A	-4.96645176183574	-1.5159456167935792
A	-0.7592492357599594	1.2409710098535192
A	-3.18703749816044	-0.589407813575978
A	-4.149902278634615	-0.6105065768345543
A	0.25418505944918124	1.7163702611161455
A	2.2616133112219177	0.4657844029257333
A	-4.321674851054596	1.7389428512929754
A	1.2157771998286262	0.4944860875182578
A	-3.3772192713496647	2.1532928140937813
A	-4.869929535713423	-0.7243173813504009
A	3.363203875900674	-3.310388837344091
A	2.440213225423372	0.44486275750957416
A	-4.049556358613378	-1.1352195637614018
A	-3.0477288173309933	-1.2063131822624924
A	-2.227443081255969	-3.311831517874625
A	-3.66517988635124	-1.413012032619395
A	0.7237209334844026	-0.03299206768461471
A	-10.369078716400136	-3.0085912097605787
A	-0.22465709617267726	-3.1831088103229805
A	-0.17356106754992073	1.6113864674214302
A	3.4831431810411546	-0.22655878395035045
A	8.426757007250295	-0.5156297015993011
A	-0.2484043573427075	-2.184547637389576
A	-6.946737924110961	-4.926318269439616
A	6.267148722276531	3.880941768596265
A	1.0703431723687777	1.1437895337007153
A	4.135929181911748	-1.8613483325002533
A	-0.03802280537881886	0.26697343782787913
A	-1.2161006791520692	1.861839061156349
A	-0.1852583366455285	-0.2897608379633663
A	-8.177388093502394	-3.6936166904492342
A	4.156291500794516	1.0967159145719059
A	2.8317174413871387	-1.1034392298578144
A	-3.3443343151288785	0.0944670100490789
A	0.7707712777838021	0.5274341716003301
A	2.0507456806685638	1.1615601884234206
A	-7.554219491383268	-0.5055638108556691
A	7.108729341026567	3.069791186659144
A	1.366799917209431	-0.9751457710124246
A	-2.228838268795239	-2.4389040279610468
A	-3.963466688391519	-0.5870278738388464
A	3.4466152407506945	-1.6523525712286602
A	-1.888460428027365	-1.173537320505466
A	-1.34632982142772	-1.4938317976806168
A	-0.7512213007936631	2.0468768036982667
A	-5.053732040967608	-0.1141266453976866
A	0.23971699869090135	-0.6570067680165357
A	0.8774989584019308	1.2388072456208696
A	-0.2709402931969418	0.05341813268816599
A	-5.19791000594764	0.8671859892202194
A	-1.383001869129226	1.7664861499196403
A	-2.865354994720168	-0.9659149014379527
A	-1.4453183720855693	-0.6900239339086356
A	-5.85015820722794	0.42813339880297235
A	-9.54413717569757	-0.06164722852401505
A	2.503075438115236	-1.1993301172594926
A	-2.2945295989761627	-1.1663278195692621
A	1.1524966106431105	0.7615498661930875
A	8.95228270056491	1.0916360047035223
A	-0.7616878487746876	-0.7823739761623916
A	-1.0958120936958011	0.014790286349431466
A	2.404290822202803	0.8109172809121554
A	-2.9492851680764316	-2.2486798390155425
A	-7.3755341416450095	-1.4262238036052928
A	8.167059312486845	2.5915317688375454
A	5.090835702580218	1.2824532042587817
A	0.759511938980417	3.3073579104955684
A	1.7351748611785145	3.0265373640367104
A	-9.932085226492116	-2.1971297261060894
A	5.880174388772652	-0.040879629048238164
A	-0.15374628520740652	-0.8058740116501304
A	1.757984942814573	-3.0740088561295384
A	-5.806168197478219	2.6193356867101376
A	-4.04906604093693	1.5216551234660216
A	-1.0074491896835698	1.824905158263798
A	-10.680971195301947	-1.3181092743248297
A	6.620515311778251	1.682694669622098
A	1.7890526195581402	1.1801106351631865
A	6.7453559414672295	0.46059110191705516
A	-1.0721887159015107	0.2897410994145139
A	0.17787962327231543	-3.658357887625191
A	0.4986187903825505	-1.3021383838465383
A	-1.3643790496840449	0.5894815547782839
A	-1.5370666653038114	0.3501423574270055
A	2.1841305257148154	0.1796559307336194
A	2.623077521483857	-1.2315058278516022
A	0.0733105947802386	1.5510349668902241
A	-1.6531936170956338	1.557089192578677
A	-1.6965146160753344	2.1212979008047124
A	2.68392030400972	1.5148352389674449
A	-5.10128990600917	0.8197470677061611
A	3.8550489296338366	-3.512352588419782
A	-0.11276720829592601	0.10196066002724152
A	-4.5228502175894345	1.640780477406021
A	-5.822479665359363	1.6209294330198492
A	-6.011817852892549	-0.9872736358081426
A	-3.5836612751978785	0.9901799276883045
A	-5.168972067399001	3.187983668189062
A	1.4437248835661611	3.0649982434559115
A	-1.9459054101155742	-1.2149889066716095
A	-1.237849323603074	-0.11067202264976612
A	-3.5611491157267725	-2.0097759442919645
A	-4.840178213912109	2.741326141411355
A	-4.34587165444752	1.8443530776662842
A	-0.7259212078500913	1.3158967746353016
A	14.248114078436464	1.790201250408407
A	-4.292991835266692	-0.06113590281927306
A	-4.515852803890208	-1.9583842496561177
A	-6.447501544299745	-1.1753950855694577
A	0.9273423895760153	0.20014605669364618
A	-4.714923759095652	-3.0619066173153917
A	-0.6000856966287544	-0.7166855946469802
A	-3.2564031654224337	-1.370055699799966
A	2.366333755663296	1.1758854244637809
A	1.4136833740363453	1.67054566521542
A	-0.9192092005874755	-2.87299252684209
A	2.8167226621890546	-0.44966646642608
A	-11.895321725452453	2.0461336993871724
A	-6.283481986899872	2.1224218834271107
A	-8.79976981081853	0.21203236308146384
A	-2.0603710180934867	-2.4062515539461224
A	-4.280016979418654	-0.6081351019388298
A	-0.1940996530201261	1.2666989618892828
A	-5.313762985130597	0.9864254241335186
A	1.3032537534218696	0.02198945167754547
A	2.6631513144698298	-3.1954436484275845
A	0.4572369901406541	1.668337603862432
A	-7.261035152798607	1.4754306675127733
A	-3.2616313601059184	-5.043477506077337
A	2.836668230949149	0.09578813275666842
A	-2.535141442034906	1.6481610563339637
A	-0.2355379730334609	-0.8218929341231558
A	1.7602663259817728	0.7173731712249766
A	-3.344777231466447	-0.9974245343981875
A	-5.012492154900747	-1.0345139495187747
A	-2.3575569708867556	1.7760963886062153
A	-1.550654602299711	2.8303880774567682
A	-3.1368389847780853	-0.4524686286751305
A	-2.2651833790771683	2.339875431497158
A	0.4687475473364342	-1.318498007620619
A	-5.671749803904737	0.6759043425774143
A	2.192954443915901	-0.5128258245011741
A	9.984350146240134	1.879014999740099
A	-3.7686236771530606	1.1779652208239333
A	-3.159921096968334	-1.2249406678156447
A	-2.43777500220045	-0.9164653661383525
A	0.09606513403238282	2.28746559473558
A	0.8447668384128357	-2.103461635507603
A	1.380962570149729	-0.9702196290130637
A	-9.029717349760348	0.5511620990600994
A	4.0741890834143835	-1.2651056177116065
A	1.4163881625434698	-0.21444938818158785
A	-0.8542934559290987	-0.23150418138569215
A	2.7947831193794896	0.22887352588053464
A	-0.32901119640398624	-1.8547951691390592
A	0.5654812711293571	4.1765512075291555
A	-0.6460895743876707	-1.4533066021272483
A	-2.3548808716990592	-4.545910073806649
A	0.4254800119234994	-0.062495448539932066
A	-0.16855222724555063	0.06830566834043345
A	-1.873832581015333	4.07736878212764
A	-2.756135410669292	-1.9844909753803628
A	-1.8924714936247942	1.7120218089140045
A	5.085550218722861	-0.9136856292445918
A	-7.40278068769808	0.343895397629709
A	-7.362257174974545	-0.33526172960320433
A	-0.14964764988759316	-0.17142752115210796
A	2.8813731793332824	1.51981411143709
A	-3.6329131004054185	3.3571695934672507
A	0.5599577008438057	3.0037309863662074
A	-1.6331128292001207	-2.992710698782641
A	-6.571758131658142	1.055064803269221
A	-10.310251581996276	-2.011072450620013
A	-4.3643971282630085	-2.3941023139284843
A	3.8610212055607596	4.653664590024192
A	-1.0018771841553198	1.096921540961411
A	-2.159805220908722	-0.8630763621885503
A	-7.760153324084932	0.9602105442242497
A	-0.4332520918753481	-0.8120628219097393
A	1.0698424010214191	1.786291360175431
A	-0.016856828766863785	-1.1284339473925604
A	-1.9213422778184865	1.2633262914977834
A	5.200767862645324	2.628920818604344
A	-3.909573590519915	-0.583006821768465
A	4.909555161925369	2.795598949156137
A	4.864159040491416	0.6825850877946948
A	6.231657309267476	2.220157190627851
A	-4.413639400504911	-1.8164249886708939
A	2.7804423108699345	0.029199287998003365
A	-0.6633888282945781	1.3704340258073457
A	10.143894509524515	1.2245321468187216
A	-12.005889704167025	-0.2310388984989004
A	-7.516326979687725	-1.9894604783631684
A	0.33260560640533	0.17278890244334305
A	-5.400394523020156	1.9019245294628124
A	-3.934884595581817	-0.15072865655567236
A	-4.544218846511242	0.40427022727072165
A	-5.3774734405478934	0.12141920976916587
A	1.9523006766970008	0.1081213467662662
A	-9.08447137693252	-1.1678608145036713
A	1.493098743997895	2.1068557611173184
A	0.8066068744769628	0.9979993880722271
A	-3.8122999911180577	-1.3287784223962604
A	-1.6845184045572983	-1.107585114301918
A	-3.21647587563155	-0.3239741602072579
A	0.6266234311408347	0.6857221950124078
A	-4.198998585073528	-1.2689272610809408
A	-0.2102910885081587	0.25702465076286723
A	-0.9009550844690754	3.099560489190893
A	-2.429959665134078	0.2321523688000652
A	-4.215653227650661	-1.4446649920270485
A	3.5175985854378222	0.9150437605502562
A	1.542379783219991	1.9012496922666398
A	-1.4825824272222992	-1.0188544411278164
A	3.791177207450197	1.1203392353231951
A	-0.34290730027540206	0.10987181749277988
A	-4.460643308335687	0.13543702610601044
A	-4.918128139081358	-1.9530686292972885
A	-10.717294434018733	-0.5760314825687747
A	3.5915510781808715	3.6284099989441962
A	0.36874723421181255	1.2622763764580396
A	-6.18836267576913	-0.1953456285547655
A	4.200815494942141	1.4115350993841471
A	-3.8722473220356104	1.3710384790477903
A	4.880789059732483	-2.313652605616403
A	-1.5150057683491562	-0.08861245093291477
A	6.075667526296743	-2.757115137598891
A	-7.715174188607035	1.9678030099561195
A	-0.7749745207437535	-0.5051221611357105
A	-4.787240961770326	1.3332856844852967
A	-2.3369882433119633	0.004372576516497875
A	7.73883369742312	0.41416472852725206
A	-0.34634906613658756	-0.5842296290871849
A	0.8179836636419469	-1.3038474962597588
A	2.2705602552852393	-0.24475547491156732
A	2.313950094916529	1.4555393015986962
A	6.491389033175833	-1.4959306126343155
A	-1.9346484101022925	-1.3155131738601449
A	-4.89529819140233	-1.6555916330083054
A	-1.1882405608526079	-1.5957244807136233
A	-3.455196695288819	-0.08241679194194447
A	5.218585728294763	1.395506132534476
A	-3.9731480053591413	1.4911548223474773
A	-2.829052167308812	1.1009411189120872
A	-3.737974612379651	-0.483846498337542
A	-3.174764902638641	-2.0668352130306893
A	-0.13078585729710113	-3.7506537276841123
A	-3.6384655587336043	-1.6052555004334068
A	4.164409226694437	-1.2207978490260574
A	-1.7356831872288987	-4.0710512609802425
A	-4.756259797064558	-1.1319567975136355
A	-1.0118474756100895	3.5687388622051968
A	-5.850319002678904	1.01249225607251
A	-1.9894398946398717	1.5719064642318834
A	-2.429990081612668	-0.7556740450192619
A	-3.9059099741469465	1.7587313870013612
A	-5.953443198402991	-0.7926791885048616
A	3.3327498395627284	-2.44571007189576
A	-3.680881648028584	2.054990217720971
A	-3.916079210206573	-0.6443576486763516
A	0.4684843828213012	0.5678870877303152
A	-0.6761148887360986	-0.7555995382823167
A	1.916331670394098	-2.040374782293946
A	4.645023455078918	-1.8193511586834243
A	-1.5264184608152491	1.4757607759682878
A	-3.907446473941567	-0.8874947655579752
A	2.698385686046405	0.7808393099233589
A	-6.241749722549709	-3.151478497301648
A	-3.5500390935144814	2.045078541563792
A	1.4202325699757066	0.9471298617709042
A	2.2481765488454317	1.2860028440656144
A	-7.218652329463485	-0.9559626649023187
A	4.092042231436363	-2.60807334677425
A	-3.2826853999002457	1.3347215337175022
A	3.988043034083324	1.592409721833294
A	7.9744929990354425	-1.6140429133773442
A	-8.326974241181436	0.12801759068162444
A	-6.794512386295919	1.8511957634294771
A	0.4091826602990074	-1.6078699632755316
A	1.2440414176239334	0.3421958799792636
A	4.691108670532531	0.1556182503744871
A	0.48654788963219353	-0.37294850720695977
A	-1.4305574586152519	1.220624149784944
A	-4.607918943606931	0.5920922552954752
A	1.0387841299794904	1.2464697878099493
A	-2.672364425014167	-3.6975472421788353
A	-2.8695472744742316	0.0919863446744999
A	-6.417025858245002	4.355486681179828
A	-2.404912844915482	-1.5042784115006205
A	3.0502399050502635	-2.1233576781807955
A	-1.5016675368227683	-1.5128359848424544
A	10.757392216397069	1.604361526910325
A	2.815240751277683	0.20216174931672004
A	-9.120139810112592	-0.7805275723056105
A	-0.3553228152218961	2.86881007115255
A	-3.5150726255664586	-1.687856272763886
A	3.8815656394513587	2.307312838968991
A	-2.0090808889775147	0.32195149577968674
A	1.8272563500796566	0.1738533124418702
A	-0.20378809183894342	-1.517172547144138
A	2.3832320368989706	0.5829417558893811
A	5.150854600741704	0.7319143544903204
A	4.754153531479998	-0.28245652627228707
A	-6.244535657723964	-1.5257507134051003
A	-3.9541497895836986	-0.6190185904642538
A	-4.823353338381022	2.4994821348431406
A	-4.876245050993434	1.2458371619860913
A	-0.16820266566191966	-0.9525062698116294
A	-0.3476776543756941	-0.44101867995203253
A	0.8042471618840388	1.48644255637708
A	3.1764155729955794	2.726033655050993
A	-2.704488141163587	-1.1249868118473656
A	-8.137658966481691	-0.8306154324367356
A	0.7099225502308919	-2.235970633183522
A	-4.825205624345416	-3.075825540539727
A	1.4932998983215628	-0.513395709774813
A	1.6127058067831501	-0.9066649708692875
A	-0.9939729770238086	-2.865693741558564
A	-1.8582723130867336	1.6667086943037177
A	-6.04447676141007	-1.8578183576324379
A	1.3890894730160999	-0.6291805246779811
A	-5.2218424009811555	-3.380402556340988
A	2.818471691285877	-0.44759661437183895
A	-0.05833055240732499	0.8322162235345958
A	0.9780773938553395	-4.237692425078971
A	-3.520820273608702	-1.570440101600393
A	-2.58611154933136	-0.5075300179597804
A	-2.0369640186407976	2.3218457332423292
A	1.3839891703911809	-0.011838844417954048
A	-7.499831132795272	-0.4236806323289032
A	-4.143949274318992	-0.13124104338486392
A	-9.313625427522494	2.285549900449768
A	0.17923084087979446	-0.13512706659420512
A	3.0884209739331663	-0.7172966005404402
A	-2.0610727726240468	0.7380325394444229
A	-2.738252390285054	-2.6075959988456074
A	0.37716276344145205	1.5725887087397115
A	7.430837201024378	1.7680391631843673
A	-2.143152669903545	0.5633176643465448
A	6.317794654456357	-0.8099047419990723
A	-6.13731265907545	-0.6359882340598819
A	-6.812209476298654	0.1072207379141894
A	-2.6774008822961566	-0.4559791176821721
A	4.076505612716314	-2.321020626240652
A	0.4704953882511229	-1.0806978408290935
A	-5.4988165908337825	2.3458388285652267
A	-1.178749678200364	-1.1170564666642782
A	3.3058492217943423	2.194351156490162
A	-3.889643314225552	-1.8162900225777583
A	4.798409809420705	0.20408837663858834
A	4.613463221021149	0.3450646284674008
A	-8.898954872823097	0.39681270242704125
A	1.4560485655206428	-0.5142103233367588
A	-4.739052917870601	0.7721648270408588
A	-8.890522067491474	0.5868179777046987
A	-1.7808611515456638	0.6661679477504876
A	-0.5145869990230075	0.1670301603464634
A	-2.3670724936715932	-3.7915426670761696
A	-0.45406592110557065	-3.1787118061322666
A	-4.7830276559576514	-2.6803111073182992
A	1.2755531146622858	0.572377374187817
A	-0.3417902745890047	0.6027859253054385
A	-3.686538396286962	1.4520472807911493
A	2.898120800423661	-1.3212146113889802
A	-3.192670459848465	1.1736644547642285
A	0.4818104936012715	1.5254360438667072
A	5.0969320577348425	1.6135213338638439
A	-0.8233854840683634	-1.216509966483242
A	-3.715860806155443	-2.1338914355998035
A	-7.60606652540795	1.709890590141066
A	-8.231835957287558	-1.4116869402478276
A	-0.38409828137075475	0.6342638026558727
A	2.238197076293018	0.07972841491212565
A	-1.3954805889620356	-1.3397112432721956
A	1.159030385296517	0.05577067353004367
A	-4.16509840687415	0.38284722060028586
A	-1.764248106410863	1.3117229138893127
A	0.2143727388699852	2.7025825297419166
A	-0.5757364321811956	1.2330796370384365
A	-1.3768674387472046	-1.578296720656494
A	-2.693449301857365	-0.664676525680699
A	-1.812890416132181	-1.830525358807338
A	-7.869394709724507	-1.0633802726737653
A	0.6701532052989707	0.6989968245236426
A	0.5164114185264947	0.20277240770930266
A	0.620450368294956	-0.6024560388871378
A	-4.204190812525788	-1.8016814251388507
A	-3.417135715965665	-1.5957158941404623
A	-0.1127198878588056	-1.4332030467985566
A	9.789501490302921	-1.8746304843812127
A	0.847507153058981	-0.5020437983476496
A	2.0037688250220005	-0.1232033079229661
A	-1.4819238372107248	0.39431005404502717
A	3.5937202634524397	-0.806683839854889
A	-3.257386916254178	-1.6586487249035697
A	1.4367576704020397	-1.617503493697646
A	-1.8934855376747795	-0.9835119863770024
A	-2.7620177011751776	1.9974850065610863
A	-3.6249634509535005	-1.7573612121784996
A	3.450687977221289	-0.5546407358425235
A	1.3166961749020123	-0.48375437164615964
A	-5.122668521959326	-0.5465458423323137
A	-3.119139921219536	-0.3091748864060516
A	-5.638627484153623	-0.3185035139736462
A	-1.8730109258753005	0.39916652315346746
A	-7.2782101928210805	-0.06759137186128894
A	7.588181265501753	2.3902852833893014
A	-4.990147770336238	-0.6160904903316362
A	0.986428214255126	-0.7034957482685993
A	-4.314208592715537	0.35155350479477443
A	-4.269581544661223	-2.9810765204489496
A	1.705306908252119	-0.7933005821502036
A	-1.6420902323128077	0.6310502921177445
A	-8.758285784748118	-0.5843114358196576
A	4.614586993717783	4.978399555593633
A	-3.8046600193295994	0.5757568327080601
A	8.015926966077723	0.19551647491484697
A	-2.7629661501176344	1.799727602706029
A	-5.4908670326918365	-0.11520819233047325
A	-0.6989947240848875	3.196977115762002
A	-1.2861120204079712	-0.9309114417602689
A	2.4667328053319695	-0.8742680750775538
A	2.7286393805248674	-0.01041575322883137
A	-1.9037242835229047	2.762527163677478
A	-4.915332274778479	-0.3428486276968361
A	0.3743557153127257	-3.286605449874697
A	1.9710470001257532	-2.070137002007787
A	0.41032813516480093	3.0758563062452655
A	0.1514117199281937	-0.503598427995213
A	8.19804047630802	4.332108594794832
A	-5.688528006732693	-0.8890263318149116
A	-7.281704221501746	0.6336549182349506
A	-5.116020546265946	0.7764430741688206
A	4.364143758739725	0.4936214963873675
A	-1.534204537034425	0.3781425837803581
A	-4.44524418468286	0.22804154095050577
A	4.878774885061021	-0.8548661562053271
A	6.0044782703643405	2.1912042597931563
A	4.604599580033522	-2.8095945466408216
A	1.116865722980938	0.9863438678956775
A	-3.0617273735712933	-1.4137809365927314
A	-7.66848251984664	-2.3032002902552655
A	-9.247940122946106	2.3984662019896024
A	-4.679759328595511	3.316488758687766
A	1.163429728901903	1.3562592138535094
A	-1.1026757019808453	-0.23378594385732424
A	-8.484189439637802	-3.292424883370288
A	2.0614028170804697	0.8328292364703687
A	-8.459655591437853	-2.9843024764893773
A	0.9344458942000966	-1.256666566055451
A	-4.259592195843853	-0.11359130633283958
A	2.2058222313687015	-2.7829380845255423
A	-1.6730889026320552	1.5299721925354806
A	-1.0192198699323156	-2.3358362725236947
A	-8.723882672316305	-1.1100636127970378
A	1.0136265844084393	1.9461161751755367
A	0.01490182119590533	-0.07539591299387054
A	3.382093291574157	-0.8748894038871995
A	-4.386139449062448	1.862852837302645
A	-4.565389903527067	2.966271931057899
A	-2.0909311533502946	-1.6621732905088287
A	-2.6835812503790697	2.323099941477154
A	-3.7689920213587116	-2.331649464342354
A	1.1793407074290618	-0.8067953144983739
A	-7.592790252819528	0.7655774973601674
A	0.3417769034720064	1.1458530061453072
A	-7.418115781146769	-1.9153300252760057
A	-5.114365593909383	0.6964956252768512
A	-1.5662543693029645	2.6486551244015657
A	-4.073861835570513	0.13490663313620868
A	1.6081834060044669	1.8597577187279002
A	-2.1446618126013672	-1.1649518312838836
A	-2.0514661905970693	-1.5876152616509374
A	0.36068769731862393	-0.6143079285220838
A	-8.3871847192124	0.9706191305614391
A	1.8397003755709234	-0.5218772640846541
A	-1.0084112073312663	1.4787423001526152
A	-0.5728011086609103	-1.8057718385100026
A	-3.0482346867706296	-4.057767276847788
A	1.6964986444382482	-0.3725266343484741
A	-5.454952879397977	1.5414558663780515
A	1.5001682112685426	2.0122183682164683
A	0.32170788635301006	-0.7913854647509623
A	3.7092657106765436	-1.3778102764532587
A	-4.363710650941675	3.228736382037723
A	1.9672288907443884	0.07182202150886977
A	-2.2137099987401205	-0.9044065924103769
A	4.122851578683447	1.11263605320449
A	-3.634994250260838	1.5995603537829592
A	-0.15914195927898178	-0.7326857294105225
A	0.6010574902832275	-2.470204279846803
A	2.8734994916773635	1.4873483165453742
A	-0.966902350456456	1.4254207741689904
A	-7.574412121682461	1.1067154580860858
A	0.4621182204999861	0.12481285389520058
A	-9.547703916888269	-1.3996512041804197
A	1.9750343255210487	1.0032028109685571
A	2.913560078333889	1.5348102974876978
A	-6.9860225898853905	-2.0185612103804536
A	-2.903709845951133	-1.890474309009102
A	5.53756592105363	0.06549606986136375
A	-4.399399951680225	-0.2644252413579653
A	-6.526822083581073	2.531019932914821
A	-1.4663788948508873	-0.49481270182129333
A	-9.178862364042836	1.6799613706824776
A	0.1295803421135484	0.07993715830031783
A	5.57173446415973	1.1812627919411982
A	1.1499454390925776	0.46978739467774716
A	-0.4847114029730766	-0.5981473479797303
A	-2.513976516317031	0.4195822321304866
A	-2.1630499062675934	-1.1791208791094505
A	7.8397158944318495	0.1797842185710884
A	5.264117972835448	2.4268803979042115
A	-2.521274925584617	-0.46542834165847435
A	-2.931390953471686	0.6566267250232976
A	-8.937245119327851	0.4515505788264727
A	-1.3808341458349147	0.11625212283303973
A	2.308003513888879	-3.2896490464768786
A	0.7216404915629027	-0.34164835431063506
A	-5.161922776737094	-0.30750394733057124
A	-3.164696105204654	-0.22436858980600977
A	-2.1064282817201967	-1.2758039876833986
A	-2.928199277968748	1.067768835400931
A	-0.2489447604634194	-2.8486154700477395
A	-1.180924583472746	0.90179424756186
A	-4.175284350048896	4.032091715381459
A	4.328340085719934	0.7836252510687045
A	1.0337948593278217	3.2345527356319383
A	-4.895494985173928	-0.38294701324877817
A	-4.2010707438067545	2.917336204904447
A	5.1501234093718145	0.9492890662368783
A	7.126797052662477	1.5765839569816156
A	0.23108572719780351	-0.4088203414885758
A	-1.5081606939773717	1.8034540394303802
A	0.7246885810683392	1.8862574797038358
A	2.521592603402965	-2.96161605990622
A	-4.693573694007638	-0.5812197390426341
A	-4.839618982933044	-1.7724645901055371
A	-5.292264557610714	-0.7297213209699467
A	4.874730213858556	-2.0989203544260033
A	-4.785772385658127	0.6228087240828171
A	-4.455562270593449	0.29593740161511217
A	-2.452201703372044	2.5149549863099407
A	3.415114789025478	1.870171568073829
A	-2.016738871729409	0.5481697468502179
A	6.9733123722050205	2.6505972824875443
A	4.747126885644454	0.019397784137069274
A	-2.7053107392395583	3.0897063451665767
A	-4.045765336055647	1.309758622950886
A	-5.204355785905694	0.033571673938875224
A	1.7311388401348027	2.340974888715401
A	0.16146525627264996	-0.2999146666994761
A	-0.13372638768677958	1.2135572022397887
A	2.1648518469400937	1.8054430309251854
A	-6.033126455074947	1.2903504588504002
A	1.4673745492889951	0.5310794727661394
A	-3.521620469559754	0.5343959949847801
A	3.5473407320190447	2.1875455111575612
A	3.7515652289495467	-0.16087010628561949
A	1.385250967135399	-1.3687288680088283
A	3.360387478181818	-1.3627270782056398
A	-3.0027485733722687	-0.2766173570161284
A	-6.752601292370685	0.227480680761655
A	0.2496192133053834	0.9221382892706694
A	-9.475954598194342	2.2139175085973575
A	0.26721159411869544	0.5118091868377574
A	3.2652558891237655	1.7635997297459385
A	3.9896148724263725	0.36377802929858066
A	-2.907372428446406	1.7667833591967526
A	-5.414577988990728	-1.5136191195673718
A	-7.734525017822295	-2.9989052431203036
A	0.40354060565474525	-0.14743232846307436
A	-1.7703096120274426	2.464712151174635
A	1.1314857654552992	0.5744621666941828
A	-5.730100840291505	0.6743552300531012
A	-1.1591119946992894	0.510633272925081
A	1.5506182299292521	-1.1787213119599433
A	3.581482390611474	0.8972282879778737
A	-1.4152532363117944	-0.8901169200130259
A	-3.1709283076391017	-2.1461072650334496
A	-3.4244221287745225	2.5753293293662534
A	-12.701734442873592	1.868657511341317
A	-3.183496707126681	1.9003082169692909
A	-2.0483731722685565	-0.7268541696612384
A	-2.667008606989411	-0.73265769247007
A	5.331772897503337	-0.9010926800211266
A	-3.7680690147996887	-1.9830709178930825
A	-0.9201413978088956	-3.1534526069009097
A	-7.718317522680728	0.015243304661931523
A	2.373698803949403	-2.5501776237450895
A	-1.7402431905735336	-1.5688530917860621
A	3.2901059602683604	-0.26034521809914035
A	-4.931622663893951	1.0767521391282886
A	4.284153492918529	-0.5726528076735693
A	-0.10229412583796405	0.48660282826851653
A	-1.7303028811907266	1.7174088499673563
A	3.8267701810153287	0.42699533172341886
A	-0.0655875933234723	0.6222774682475852
A	-2.998172733923613	-0.6504258331578988
A	1.7772829661821055	0.219856977726263
A	1.6732154041525398	-2.7591769122260095
A	-11.23392432606622	2.166465592643868
A	-2.831292560280305	-0.7924982932992599
A	-5.780073548756555	2.2586529103223194
A	-0.2481198492622131	2.1032462993914387
A	6.5645699265667234	1.710132248327669
A	-2.6522249070038955	-0.6462911048572968
A	-2.76659104166187	-1.1168678065567461
A	-3.574134539492455	3.7083240371661805
A	-1.1960790858509285	-2.0096970020795757
A	-2.463470797075904	-0.7504788849427992
A	-4.37644313463348	-3.08351838740303
A	0.2912431219782794	-0.06965725370651861
A	-6.137768635025791	-0.7490794273092578
A	-0.0008771401452556393	-1.2282758968043253
A	-2.906392057011734	3.087998982136939
A	1.1996621979208788	0.17330846424467333
A	0.3899496911516882	-2.8182140619200258
A	-5.47024738976592	0.21393967401259711
A	-9.310362843517845	1.758628942680693
A	-3.2301147481653425	-1.058239187899786
A	1.667075753019307	0.41491847503512935
A	-5.769247646336159	0.42904419943904104
A	3.0490824304890163	0.882151455114043
A	4.899964241769092	3.260192255003468
A	0.6386290981536782	2.3236913294075405
A	-2.845041820478274	2.231123995928983
A	0.1052555782930591	-0.7482598961793057
A	-2.5704654241257088	-0.48333167927924825
A	0.9015136537939725	-0.4054298668191243
A	0.13414966399296913	-4.162421709674435
A	-3.366257944189219	-0.23515183422522265
A	-4.528890916774608	1.7454862987499902
A	-3.7924344971353356	-1.0753997790165133
A	2.863549531457854	0.9089832013808555
A	0.9517479376138469	0.5841033190998666
A	-0.2702239803795522	-0.03244503638581942
A	1.320718233066323	-2.0359182522083357
A	-11.060807273759425	-0.5713794644163467
A	-3.9758732612327568	1.067713937617538
A	-1.189536246072156	0.543453665354843
A	-4.711748360877637	1.1612972863413422
A	-1.4953852296972168	1.8647719186274163
A	0.8975381178865891	-0.9083705635640991
A	-1.086574880289466	2.751723969685605
A	-5.114495442516604	-0.8122755801195538
A	0.12318260246845103	2.365251280134706
A	-4.9604318290893215	3.889208464017723
A	-6.090576013700887	1.133483109552758
A	-0.4760281738918002	-1.5332765329729061
A	5.132867736833828	0.21876686290825087
A	0.2064553613768454	0.43903309602159624
A	-1.711471931214657	-0.8004198212825121
A	0.2577710058954168	-1.0650138693180022
A	2.7493562442057424	1.4364968432225709
A	-6.0211419562916175	0.7714399327493536
A	-8.204792822661979	-0.6987422364728072
A	6.737952884834686	0.21885136259321442
A	0.6636547683932745	-0.4273095147778619
A	-3.4762373396085913	0.3264881848355552
A	0.016484827152903225	-1.842333083977301
A	7.629228629405985	-1.7549334774416654
A	-3.408209598391351	-1.5097122813675727
A	2.6329461850997835	-1.3508975244895978
A	2.73139103162351	3.1358012482688036
A	-5.337764891438147	0.42805040363306035
A	-1.550688648472541	-2.8303913962278506
A	-2.286935636091351	4.101823303811285
A	-5.07030650563019	-1.4343790995115255
A	-3.6387058145252578	-4.904532086327186
A	-2.446371761703676	-1.1599223726247105
A	3.1077683800383085	0.8219511803490174
A	-6.332076625910383	1.346863348090806
A	6.694751858908356	-2.506271927521459
A	-1.5443414283003687	3.0987523570707567
A	-0.5553864941208473	0.9703336007569795
A	2.4860505227802854	-1.1686079174203414
A	8.193421282740983	4.092877697656719
A	0.7349106573239133	2.490896494410858
A	-1.183644407614994	2.2528506550063856
A	-9.854409396377845	2.2981666774164013
A	-7.529542725501167	1.0293558325559042
A	2.148572533845632	-3.0577365873048845
A	-2.2310471204904525	0.034638938916721276
A	6.181306058688937	1.3633505306721294
A	-0.6848025166695352	-1.800308461549121
A	-0.3842223210558767	2.7606000615598436
A	-6.304794392401102	-1.8343519949506764
A	-1.6190287720697594	1.0636259971120479
A	3.059851876627171	0.4025791443146547
A	10.736235014084716	1.5004713947556003
A	-4.227081039752572	-3.2378457341979607
A	-8.49744801965566	-1.6974681395768823
A	3.0022068981486365	2.7338319345300555
A	-3.6682551417901355	0.897332243147541
A	-10.566464123263064	3.0086244545258047
A	4.731776876776721	2.0096105169525287
A	3.1310632611875198	-0.8921459698821377
A	-3.5850783706863996	0.20810303423865775
A	-7.430101553266025	-1.3965125062831283
A	1.3721954140233166	4.395608847187792
A	-3.895393009972265	-2.5080774018755094
A	-4.871713906402193	1.657028812885948
A	-6.123450568009087	2.734804368587641
A	-5.484117260462118	-2.121951145928091
A	2.616557527219586	1.1375247918260536
A	11.564949676405092	2.0020203396941594
A	-0.3212550649793634	-2.633495731222845
A	0.23555678377301104	-0.10693068163056556
A	0.10043579801846492	-0.16223315659709958
A	-1.4673351897775817	2.5015285718017335
A	0.18452525204153836	0.28462487686377036
A	-3.2946226243617507	1.1148977219901468
A	1.3524783870406032	1.0557155149248758
A	-3.572089400362403	-1.6244678363008165
A	-6.079828041959947	-1.4055414787074305
A	-5.429532603236552	-1.2238961941459143
A	0.12017215353616062	0.1586244603265779
A	4.881643423431453	0.1392680500098186
A	-6.887344194049529	2.766551519539954
A	0.26182483027757564	1.7083519053695415
A	-2.2686256619144096	-2.6506723691442273
A	-1.563531882444565	-1.1099520024591625
A	0.8563109704754674	-0.9712928152003755
A	-1.5113407586579801	-1.88173327770788
A	3.003699314895375	2.917040890720935
A	2.605939954027396	-1.4231185864050833
A	1.4222991225613804	0.9292140649369791
A	-2.0600074813264873	0.7843981862928997
A	-0.8587889015696106	-0.004532132395025387
A	-1.209867029449204	-1.4607891363180425
A	2.6387305427808267	1.1135676192058765
A	6.821095621713913	2.8765951884154757
A	-2.8845602009334534	-1.852241127659973
A	5.973183658893533	-1.7904357449376245
A	-9.758177071411842	0.7205150777944352
A	-4.700484780355399	2.228346239711762
A	-0.8424444687892588	2.6277321749040023
A	-6.818899288383187	-2.430442779854099
A	-4.5375486239835165	-1.0958732417231487
A	-1.5299487986679	-0.9174177572207437
A	-5.503203938352393	-1.3803048301125986
A	-3.7601859161333326	-0.9921832226146237
A	-5.8060303820532315	0.7616051780680422
A	5.052806172447865	-0.3796795508888905
A	-2.6960646391696965	1.0534301358084834
A	0.2388928181665788	-0.3438917796615757
A	-2.9184524928464617	-1.4374372956526953
A	-4.503311590647764	0.060267156167690905
A	-8.918330251030437	2.7970206476634503
A	1.8261984254469916	-1.0767234278785
A	-4.147598955227361	-0.6285986599019795
A	-6.210294963306741	1.488248634207591
A	-3.173957793435714	4.050555345188535
A	-1.4592125759348955	3.573054864356002
A	2.3417350691706673	1.0915227164698813
A	3.1642969083296526	4.3227744032616675
A	0.779614599610994	1.1034217606204417
A	3.1689309119671023	0.9250903729564048
A	-5.860219749088403	-1.1311177562206538
A	2.3586508830923942	-0.9311473004166825
A	-2.0382632966624437	0.2678331472623713
A	1.36735615281312	-0.05600701829780147
A	-3.57645764275924	2.152839969234738
A	5.253243814558031	0.6801276544289028
A	6.266626735646728	4.170597425080798
A	6.970106710112764	-0.779971845865258
A	4.801287846322167	2.1874106072063104
A	-7.489993292416874	0.35062599174015097
A	2.5811578436007947	-0.10706793369140649
A	3.5850163442788867	2.824770949149775
A	-0.6728371387995058	-0.6720579593397262
A	-4.414261273852437	0.8646634878286453
A	-2.9823532184176886	-0.6059023986593993
A	-9.314643846337765	-0.3949460764401036
A	4.015059104235215	0.38236882008288403
A	1.5682217263402265	2.1378487427659594
A	3.2902065753387646	-1.0624083578627692
A	-1.1451381034444885	-1.6252020172692512
A	1.2413862782520786	1.7229453539086241
A	2.8761467127124742	0.7778786429403607
A	-5.9074788461204575	2.5605066332854998
A	3.5297945138596587	2.1358770009457198
A	7.9868869897459	2.9574849251667343
A	-7.528375325747911	1.9289815382480864
A	1.3721520712292574	0.06114044119617029
A	3.745645842806165	0.900349224851023
A	1.5767255009361558	0.03196130322352522
A	-4.046584321594768	-0.8568548447503657
A	-2.6635603915426893	1.2111893724245788
A	1.0633334188752976	-1.984757389086872
A	-0.5927752218261926	2.013176539853506
A	-4.003816758599239	2.3517715373283252
A	-4.103996286581456	1.6352586037448413
A	6.06109891741557	1.2018634573444318
A	0.39636654908560476	0.19414573802102478
A	-1.2173759681691567	1.4889978342008807
A	-0.8088326449217169	-0.9204106637944022
A	-3.1699566970434683	3.0995362363942753
A	0.27979465581069474	-1.643063295909542
A	1.7135515823176029	1.6925778763985584
A	0.07110232118445259	-0.5033171326465262
A	-1.774991151678627	2.0025802028704307
A	-1.5004044651554955	-1.177631853039676
A	-2.3207664276687816	1.3872457928395128
A	8.445038787019074	0.4876154355767444
A	1.8671358350061218	2.2151839670622793
A	0.29711529737918774	-0.15262477053354517
A	2.1214826502616058	-0.49357003051151077
A	-6.854660615035609	-0.6767613284597316
A	-6.226519845265731	-4.119628655684714
A	-1.1036704621426294	-1.0587898082548104
A	-3.2109436326135086	2.5397564217479087
A	-3.047379971353972	3.6057710154634917
A	-7.783169684248738	-1.5155400982288603
A	-3.5446731706372376	-2.3093655478973956
A	1.9003146885430282	-0.9825729083330681
A	3.589914714095343	0.1023631599644571
A	2.2816062753297035	1.5940152201273152
A	-8.910817637057441	1.446953526040454
A	0.3619202378235793	-4.495440243259664
A	3.7948793108319157	1.6805856687738545
A	-2.321025321646981	0.1011327933421965
A	-4.814397644611194	-1.625640937191714
A	0.5609693599821468	-1.3386990410458228
A	-5.432750500108132	1.3294549956543549
A	6.260387653957834	0.17648998759872608
A	-7.092115699857993	0.6516264208269836
A	1.5375111732228932	1.2641579755289045
A	-4.349240895360778	-1.084855791166482
A	-0.9445306611608123	-0.18470019184643807
A	-1.555775814044296	-1.079989616539246
A	8.63892327550863	-0.5538076611798427
A	-0.649972721314598	1.4301366617278282
A	0.17495748214721352	-0.1377548379441042
A	4.156377965762102	-0.049951867010961326
A	-1.8637074733134664	1.547422623035437
A	-2.5893973136697213	-1.273845481755406
A	-1.2409261290024955	-0.05264909843699818
A	1.3719488147921903	-0.5253756964463163
A	1.3310343527408968	0.8657629769135715
A	0.7802341445165997	-1.9074989109458482
A	8.032202717823976	-0.04760109304150095
A	-1.451937849800812	1.4815355922216304
A	1.492621407487769	-0.7671730582727738
A	1.5268491744319865	1.484415228700989
A	-0.7068757712621965	2.4914544946671433
A	1.9834402941818756	-0.0679662326753154
A	-4.69329868628687	-0.23384906310563236
A	0.5056516636848509	3.050867183032425
A	-2.030043795163194	-1.3332244154400017
A	-12.478165304418942	-1.704713478164607
A	-6.987493718594423	-2.937171783706941
A	-4.087530166054261	-1.9250450995052955
A	-7.53610874617815	0.3455837942729553
A	1.3090798180994505	3.7112118486826913
A	-0.6439962637674775	-1.2964317672599779
B	7.132016767521847	8.046550655805502
B	1.579775902447539	7.983154010893299
B	2.7051942591733735	6.724462622089019
B	5.438733986654936	7.986114713598211
B	5.667572726081158	3.0897079838240336
B	2.8905894805909957	2.788246643653874
B	2.936928473012401	7.088175715788651
B	2.0301247501954185	3.5843469529884135
B	3.870446934016554	5.077314729292636
B	3.1528615996883533	6.429107633602548
B	4.780569932191917	2.7282819439452406
B	2.9991770955244674	5.708435014317063
B	4.083932562092511	3.3852195587443763
B	5.5871523030137	9.105787067616415
B	2.65728720575054	7.407143360499917
B	6.484559779503778	8.1712736916099
B	6.194673187774343	5.700964336745034
B	2.3984948822693664	5.511147394544685
B	5.138011114491133	1.463326199246195
B	3.40568286015944	1.3694658879614376
B	5.161086881980993	8.364291220848976
B	1.847403284759837	4.024682413752061
B	5.621303547979316	8.202001075242118
B	3.7717675651426457	5.399810903263107
B	6.549292267215685	7.061013913789591
B	1.486263497231397	5.571504425905442
B	1.682195997191525	3.7062921401072186
B	4.254069034295087	11.062157839272036
B	4.0014308437409	6.955603284290929
B	4.60280635200834	8.999129880352246
B	4.202810834455952	6.92167648090999
B	3.643848175357568	7.424266020102172
B	2.9186500677875986	5.7736797584544
B	3.8438222343357773	3.948295731534162
B	5.520488533187601	4.8427248397241645
B	7.028322085081433	3.819289555730012
B	1.6231643191687732	3.478899896199741
B	-1.6549088380582644	3.931521759310069
B	6.806096602080121	6.561754391432038
B	4.034125796788954	3.5510974098413364
B	3.1710557595389677	6.6020287909250195
B	3.2454276470061725	3.5870502225145824
B	3.191173516798024	3.570132816768856
B	7.555855574490016	6.04198337115489
B	2.8921998392726556	4.2056846400546615
B	1.1192946934765682	3.5166006144930355
B	4.487680026693347	7.232211786067943
B	3.687075022652177	6.944706668656997
B	-0.49802626281432083	6.178084153218842
B	5.281305363053164	4.495104357747121
B	6.784674902263112	4.5316320220693305
B	0.6707656952324812	2.0965478686920616
B	1.0828700270863565	6.518869908152093
B	5.838148576203305	6.871806103057581
B	4.460763082372613	9.57189443935478
B	2.976201821193349	5.224458490815703
B	3.7852188193256775	3.6898466310891544
B	2.9742559512953557	2.404240304391249
B	7.0075851892609675	7.435187611962393
B	4.552373742707352	9.363710157815465
B	0.7809124449947316	4.268884764836539
B	6.193570350516088	8.394257321429407
B	4.876992792910185	5.19078752065019
B	5.522286035009696	6.637703013040835
B	4.416593956939493	7.469439155683332
B	3.068688682875637	0.7235814240582714
B	3.958791650408423	8.065081035814782
B	6.091254532994419	7.179190903847811
B	4.005240664588529	6.627771297582974
B	2.1992912197461805	3.851131856115417
B	2.380984379356474	7.639447124549644
B	5.201957599753589	6.4375762596812915
B	7.112025351833193	4.84282912799798
B	6.457326597765462	7.182279712215667
B	5.846574699739313	3.8696596013346127
B	7.895109051645362	6.429815839005613
B	3.512998534547147	8.207408414050477
B	6.917828495260066	5.980005725489784
B	7.240205291495538	6.080355889350394
B	2.6884209514531356	5.578171178326255
B	1.2986369475560093	3.831744882345679
B	6.010799277833569	6.981582770250362
B	6.660751275285673	6.974137029639726
B	1.3034306743868864	2.1841566899626583
B	3.253453416389414	3.3349744581846394
B	3.0625411618645884	8.745295127556853
B	4.478128530480021	5.823155231350116
B	6.983796642127064	3.0260271398647367
B	3.4652332288110967	7.495704290140628
B	4.380932630798796	9.043660345168902
B	8.040098830397406	4.668209791726791
B	4.934106022464972	7.303536840661644
B	1.96159943823297	8.224574459170992
B	6.242115275190654	3.1669910670256707
B	0.5091914453690718	3.3112833169988707
B	6.4301672774209955	6.880947076098063
B	0.8484178062641803	3.8795100354793863
B	4.37297170778181	8.048590187645516
B	7.061470903683004	9.675658041514358
B	2.243257122779428	4.5171764228850355
B	2.0605162600580367	6.591391035075495
B	0.25411331423328587	4.608271247978099
B	4.525268971360892	5.871776199398775
B	5.388084763272971	6.614455671291292
B	4.730426763176744	6.5698684205001605
B	3.9326824706743855	8.909512641170984
B	4.584437418734785	6.752603510355498
B	1.2016704008292103	9.435961041112508
B	6.617087835731885	5.554606025674721
B	5.983165778175284	8.995089048507586
B	7.2072272909902395	5.492244683823072
B	4.016578291751667	2.568644385812007
B	6.6368705965304065	7.15911411400757
B	2.7612152941545784	6.631294013991252
B	7.403797917956797	3.4075990135982335
B	0.9657399760569949	4.7186203662675545
B	7.078165265324968	4.5604404415753255
B	3.9650093994109996	2.741003155241059
B	9.289580696538149	8.015725078651421
B	6.226991639270976	8.921100445523706
B	4.724151692535449	8.559167669871073
B	0.17867139598533832	3.173090596379509
B	4.588075287546537	6.2278184472673805
B	4.534980396005706	10.412217211703444
B	5.676280469758893	5.633333979080211
B	1.946677403469844	5.201674687236256
B	4.9459895654029005	7.077375423986295
B	3.682385199525406	2.2177108083209034
B	3.9629896696259865	6.228867675176364
B	7.863350228194028	8.420594939436732
B	1.0733855445748048	6.465781493132316
B	4.333783908907513	5.146601548704518
B	2.9830137072670446	5.186812643261614
B	6.524200025007794	5.992412420119853
B	3.5733351856038453	4.596116054531114
B	5.007773348428586	5.894894041505518
B	4.386255571246471	5.098267950901384
B	4.101549951471171	8.153398403823786
B	5.754405005458137	6.993255243507245
B	5.147788631640318	9.886461465701522
B	7.302147171869488	10.134634454153796
B	4.796592018759985	10.017936081460252
B	5.7199974532238524	4.304227222242961
B	2.685780060049175	6.469043412786543
B	4.250044688075034	6.9509750180931675
B	-1.5075463576717603	1.913766356199364
B	5.228292361379387	8.314562087714101
B	6.8220559483137455	3.0502069747178893
B	7.027888594720851	4.249036186311242
B	6.017270983615794	8.490415573044205
B	7.23297661845982	7.329133015376545
B	4.88737490021661	3.9271312934076477
B	6.397242498970576	9.540436890483148
B	2.969466041654597	5.503756601434442
B	4.671485851967973	6.861976653550182
B	4.968461669078338	3.611495219313669
B	-0.3486346552119137	4.099851058097339
B	9.021320335873368	7.161427445263239
B	3.697170907722015	10.153935438580893
B	4.7580065134463085	5.400963529935561
B	5.89537626324271	1.446155462127395
B	8.834858311152363	6.340702422533774
B	4.891317824292936	5.007960220874609
B	6.1035056832214165	7.408397131592227
B	4.76595826346025	7.01992383526885
B	0.9367499728114805	6.2376246173118535
B	4.199805050054816	9.144783041399556
B	3.3814061702361964	4.154745825860383
B	2.708450772724019	4.721756623913122
B	4.795248781509429	3.6871290440679902
B	-0.29606159587568115	4.024815046598067
B	5.573499317613214	6.896186047999954
B	5.038297235306805	6.472572882219826
B	1.0664260449535452	3.8545471127161823
B	1.9142713253646497	7.601004018933635
B	2.9964768754142326	5.464300778803469
B	1.5029833686870622	7.640849047393108
B	3.0995492646198786	5.02741807116381
B	6.868952886393771	12.049377396824992
B	5.874620389074336	5.537842662960677
B	5.531067796477311	5.906812023561624
B	2.9593512772439516	5.321684323841127
B	4.179388474158549	7.306280174275829
B	4.303918283458656	5.092426545303122
B	6.007625946383186	6.685832053007944
B	1.6778877985760228	4.356668113924101
B	3.032941703111603	6.415794552858184
B	5.672894154693677	6.327128318159546
B	4.026897322893311	8.184517421908069
B	3.620860121096922	7.465120268896708
B	3.7211556999460855	2.963928049300806
B	4.480156625830725	6.869945091898686
B	6.155809241003974	8.233025540577902
B	4.211682987258769	5.8089059287302565
B	3.562182683874652	8.777668775392634
B	3.9939798613544566	10.29672678425754
B	5.115553182278796	2.0949748365892478
B	3.4795075840324534	5.749958831135143
B	6.672777693630485	7.539806072862746
B	7.4443788478004755	3.213738103720382
B	5.489604899422801	7.9297490573748926
B	2.943171914957993	8.080826444514273
B	2.344569884774757	6.735887756315795
B	3.2240793856808967	3.9321954475210905
B	3.2435482884062137	3.444053697554158
B	2.4763525129296613	7.37509091542764
B	3.7035919842871876	4.106017438207864
B	3.361850672012144	3.472493077415938
B	5.12485116817683	1.9683573395242648
B	4.682106360240065	2.5734050961759163
B	4.694757635342736	11.234224758034845
B	6.200917260837524	9.446352903808329
B	6.619740134180593	7.668373726103532
B	3.2940522153624436	4.515201243669492
B	4.575646471791526	10.49422902316596
B	2.4673875647110735	5.776156494254558
B	0.808650441406281	1.4935284812615235
B	3.563808419824089	2.576982366438173
B	5.418216509692478	8.104052469067572
B	5.737901135904233	3.1029795465372816
B	4.27124133683229	2.395928927474891
B	5.2617326444544315	8.00495883805617
B	5.388626998837425	9.065299346421142
B	3.1715109670744273	7.112738294455633
B	1.5522651581232143	6.002638892915584
B	3.498539196186119	8.402292515498704
B	1.8506443485463726	6.303447227185085
B	6.3499690357122205	3.345868545243508
B	7.107693769392691	7.657079541335538
B	4.703623080412027	7.953611924704755
B	1.2921350080176968	4.008297740161188
B	3.3240774706070737	4.211848336452635
B	2.6234375781621493	7.087186549338027
B	4.4092059198876346	5.372677101459234
B	-0.058347175428332676	5.611119517804676
B	7.902929583892744	5.2017746536120075
B	2.616623424904703	1.7390092464259999
B	2.893539014757402	7.677062983284346
B	4.75931458351218	6.324416078139467
B	0.5691182445590135	5.345261572051108
B	2.6348975064064963	5.539921926606776
B	4.6877846405181565	10.54954462379767
B	1.0878216129818865	5.253593571469393
B	2.252761534387316	4.247003548259256
B	2.1865339661599084	2.0410701403778595
B	3.792645482209096	6.540537818911768
B	5.789348754317071	3.7864583447211397
B	3.4467864083249253	2.170683606245434
B	3.4296666085904945	6.80818782136211
B	4.843447329088739	5.0625906022144225
B	3.185314704936957	4.189675444357041
B	4.413812502706776	7.472714893839598
B	4.704177761619605	4.4955650492657515
B	-0.30083895644674286	4.1430375396796855
B	4.392277661692272	4.294783573526936
B	1.584327406654626	3.515096401619796
B	2.589174372778622	7.4582248067602475
B	4.521185422716685	4.4295076267725
B	3.4821357376010638	6.223312682502451
B	0.3630005775355798	4.725782872513801
B	2.069872722649342	4.690530309691956
B	1.5692739678593153	5.231213194362986
B	3.4108457817682734	4.204638210263964
B	1.5750037726233241	5.705457793137173
B	1.7716416200838498	7.403376702990181
B	8.282850153607864	6.194423033383353
B	4.952587295012396	5.047613015528916
B	7.274159855061441	7.051694302504194
B	3.8102154399683954	6.251464995146336
B	7.645297893213109	5.8841571743560594
B	5.055350005345689	6.785133351131536
B	6.387673680048284	5.301144787741618
B	2.506842082000562	8.04555196844692
B	2.970548661505855	5.732633724200327
B	6.404526382256502	11.108360462107957
B	3.5965537638832163	5.11447437739295
B	4.504710243388331	7.653410459599427
B	-0.31815904685010743	3.5966421724398785
B	5.036841352249388	7.834819327159078
B	2.5173869042227577	7.450437402151511
B	8.532360971996132	7.918162217639502
B	4.0446223525319684	6.871524928830335
B	2.1851312767211204	5.002623163293869
B	4.970395654579384	3.672671160993551
B	3.5482432105087582	6.546647964361011
B	1.9259174447608682	6.990637681006651
B	5.173043916993108	5.354875561522989
B	3.5594317676292375	5.517991224687708
B	8.670629744226211	8.165859153476031
B	1.419891610779155	7.759980969903049
B	4.373511084767147	4.559037441089674
B	3.573362342105311	3.76731118365164
B	3.376004936805566	5.278860454583883
B	4.341441669055316	5.644490624439934
B	3.587786404832585	5.064904056293714
B	2.3018077314666283	5.192038607848691
B	6.066574624586114	8.069246000370054
B	5.572233646099034	7.692640931637547
B	5.38939264887682	7.438073302386445
B	2.7618945596604685	6.500814666115939
B	7.444007545168571	9.18449636390788
B	4.009445556828523	5.211760814286597
B	6.7624487140161005	6.055133820454578
B	3.440582364796802	7.364051741572601
B	6.392559294861781	11.419968408000411
B	2.394138154741759	4.479977163900115
B	3.153325349601957	11.054545505787289
B	2.805365375132019	1.182138628847233
B	6.250998643211336	4.139602900572124
B	1.317548203540218	5.177304253383358
B	4.178571106412161	6.693854581610965
B	3.9975959124709632	8.554870401963875
B	2.67835975114592	2.55317424858215
B	4.433321064875936	2.0197347520778823
B	2.9928111728948057	4.512525583175498
B	3.4530984133606974	11.44124853678077
B	8.625675055176707	4.841311388408675
B	5.622153586234488	6.260174793915896
B	1.1255281122936296	4.477489408976497
B	6.604905973129599	4.426147684274927
B	2.1739017243369347	8.619556659958736
B	4.086937972628257	5.1425506255416416
B	1.3078958535148297	3.8258518565874686
B	5.131876623177478	8.153414188071629
B	4.61342029124154	4.061557777590483
B	4.089413090734026	6.222340699855341
B	1.6303691891616574	2.025531149820689
B	3.8978826949330267	1.5201573455094257
B	2.7283978773190185	4.582470083841668
B	4.794845263336198	4.396014392834109
B	4.518295588766268	6.940001718986814
B	4.785296067356337	6.203653245845127
B	5.053789172044397	6.246807442266746
B	2.200181109129686	8.284627493578201
B	5.379816465317909	8.999842617793552
B	2.5230893395193505	2.917287831022145
B	6.449066535068842	0.9721621700517407
B	6.740003892988447	10.336196595194576
B	1.6938943344010577	2.421195349528789
B	2.7802789565533614	5.147859026894966
B	2.7874446884676107	6.538817831695619
B	6.077157082912671	4.677049685455707
B	4.312633946857192	4.297996274120712
B	2.696406408057568	5.299062715875742
B	3.9593604703936425	6.766450114454857
B	4.595386757223181	5.184625651419533
B	2.2514709928061842	5.327761291245782
B	7.455565782477105	7.319675527902152
B	2.598826696669975	9.185253439713964
B	2.8191278346839677	7.186915429618603
B	3.8229050196663996	7.877615793521347
B	4.406162618058624	2.0904687383005083
B	0.9248783559783931	4.787926735870663
B	2.4405161761602887	3.0921848265797762
B	0.45094543802287435	4.8258633607534165
B	5.907905592459145	5.581191200089081
B	4.624650088980189	5.425209676115604
B	4.1718167005310764	6.158879581815121
B	5.928309774185902	6.814774632525523
B	1.9680227915898652	3.72721034699861
B	3.010846957113776	7.161455327564285
B	5.718734759711287	5.111668155095863
B	6.060810954364895	6.155439024022963
B	1.1978148812458902	3.249834405581222
B	3.902604702553902	14.060685324543144
B	5.250429897922857	5.059858723240748
B	7.516000709876081	7.697793144943589
B	5.068782479689613	9.290552365737867
B	3.0995493851226605	7.463575595706937
B	7.595318494631606	9.625613840283359
B	3.9238590899266614	4.238320227735479
B	3.2259690702339943	7.872684088394985
B	5.624990922656824	6.596161127471384
B	5.627927765236141	7.450838147968643
B	5.359373179334966	6.121130071028246
B	3.236469916844213	8.29050134203285
B	3.9863457104234348	4.8556327562779575
B	1.7373299157758249	6.004399380089665
B	5.946689048164037	5.4541092525955595
B	5.921271795647121	4.4826342648135435
B	6.067418910769334	5.870349043492977
B	6.509616658450584	7.059897379410481
B	0.8616410548905469	7.027777624541288
B	3.756249913784227	6.865286847433984
B	2.370662059247654	4.460846482724708
B	4.538458245765365	3.5067520788336783
B	5.8938113676809225	7.063764971362984
B	3.3857630850411398	5.691596241671165
B	5.752166110044171	6.5293764040506215
B	7.114755103823777	7.571044851447164
B	3.643393274618209	4.080611252901877
B	2.7426905951060823	7.170737321367518
B	5.50273373037323	2.2643637712708493
B	5.44255411399662	7.210562791372896
B	2.5932528543074786	4.912375105000137
B	9.50499106097454	10.841166047484926
B	5.07611133685818	8.269115063989357
B	2.9537367807816755	4.25475048669744
B	1.5789255216993663	5.203102469952098
B	1.5171564939896305	5.488674296816719
B	3.958288791044392	6.849518125053788
B	3.905899140093109	7.063260583590124
B	1.175205868698364	5.0283160343831526
B	5.690997789296869	8.935447193107994
B	3.5822144294346305	6.603020254380556
B	4.676056254182856	7.891204854376467
B	1.401844204683234	11.632462350950316
B	4.695695353043776	8.477738246000303
B	4.998343417711878	7.447116084199759
B	2.5490946946721604	3.9609140901100717
B	2.617728029951533	8.4430760279576
B	0.6553808157050014	5.596820603464628
B	4.7467716078130815	4.240719721910635
B	5.291474705651314	5.810936919099692
B	6.667356442294715	6.791780640392404
B	2.650916260026911	6.532540441701133
B	3.867604356044324	7.163434206476161
B	4.3485983579990855	6.644054797758966
B	1.0698945902498567	1.4916687395944876
B	2.1289083175494286	5.6034738658342125
B	4.828854150919521	8.494915522480346
B	4.059317952586012	7.058931527535675
B	7.132706381776844	9.134192171072918
B	4.8694418747474	4.788064841967268
B	3.468376836265829	6.429664903269829
B	4.103179421900019	6.0404221662603055
B	8.266080141150788	10.709149975749757
B	7.342651652485685	7.9517933857337235
B	5.987828425380648	8.75893639900612
B	2.51634332846574	7.939162340934872
B	1.9667398452347946	4.893711839991741
B	3.5716380816214537	7.369861711379664
B	3.2795678343089705	5.877766703570916
B	2.3376782353256464	4.781237257344378
B	8.115728496616253	9.556647878274449
B	2.9784161284812836	7.174751779143582
B	5.439878654124218	4.086327579468472
B	2.127005938490292	5.208762242313744
B	6.226765997122007	8.143820264294705
B	5.891426763202792	8.954159351103057
B	4.9674929833140204	7.082118729845787
B	0.037396494736499974	4.422383917399171
B	2.998541898138315	4.473882017704338
B	4.764069157665022	7.74216844485685
B	3.204911780650987	4.147308648396796
B	5.860613376995408	4.724439421612166
B	3.1275116627316413	1.3962448381467185
B	6.020479857338088	8.531465660908527
B	2.690028596262237	7.7301174768076155
B	4.405211190653384	5.085056317240738
B	2.134988568201046	6.720451783663178
B	1.0987737575500924	10.11862051284729
B	3.960868397429208	5.045475805228269
B	6.398656975915696	9.194167117068758
B	1.9085572172986378	5.036768152138263
B	3.0314080199889637	5.8166476099975135
B	0.8086170453197501	-0.1723451629504824
B	2.5871573455831394	9.697117183773578
B	2.085768815666586	6.035494099084582
B	3.5977273517504376	6.04849780296626
B	4.774505682508475	3.956426060647979
B	3.1752427973003705	10.403365636351994
B	0.8626214855745356	4.737871042483073
B	3.4504955558124792	6.3348673350137705
B	5.970287977153376	6.827694297869099
B	3.0376905215046466	-0.547143128854148
B	2.835923643366691	2.027624811149171
B	0.7168806379459749	7.352890372254633
B	2.360476256897368	5.697275505220407
B	5.211929033657391	8.215527416567038
B	9.491850904035038	6.514178357639729
B	5.861776880474353	8.549678651944904
B	5.983678954068991	3.8432494421374246
B	7.697978222785128	0.5120142720048797
B	5.201113515375179	8.70821802348005
B	2.7039535497715033	0.8825836818601704
B	3.841693012944007	3.5582536995347156
B	4.0288885786609185	10.533548644040629
B	4.380786401909682	4.573703464311082
B	3.6740794033037405	4.971598818434229
B	4.5063809620813595	2.6551270403832525
B	4.300269110694794	7.602756106966467
B	6.760507386969628	9.797939896144008
B	0.8830021900755227	3.763347988959488
B	4.195081883232956	3.6712953189999062
B	6.3096347911588175	5.094068358853461
B	1.3773641602530082	3.161997212493583
B	3.279438591020796	11.429596965625082
B	1.7998409548650294	5.197745886142632
B	4.426540925224794	11.49135143940311
B	3.678153652196449	5.553587645028185
B	7.948566996826529	6.51266853042543
B	3.034422348393747	6.2965389992945795
B	3.5878350182453875	4.88981973583616
B	3.647588279234558	4.478266796363714
B	3.2732645266871865	5.495051048473603
B	4.151515886820872	5.392747340574241
B	4.46448388038486	7.68475577061129
B	2.4476599613779357	1.5182901538770288
B	-1.6692813556451203	2.4858879827478724
B	2.3333855565844566	6.168349061663257
B	5.817528367583337	7.355468345351317
B	2.556760700133558	4.931857599194151
B	3.844618471321014	6.452355984910332
B	2.856151668931065	0.631091522614077
B	6.125930997374871	7.634622413695324
B	1.9066927657305959	5.716544626391207
B	2.4750742873976446	4.193832122846101
B	4.980146505926439	4.751730660395399
B	4.512177332410078	3.330781931014368
B	4.822392636034715	8.493110124775844
B	5.975862066003584	5.384743278107607
B	4.871689017085067	6.618317990513301
B	2.5551749687203014	10.030572182385688
B	2.4597222620178516	2.810749292989162
B	5.302912921172788	6.450687085942138
B	2.973018050174086	6.836693920700176
B	5.386310038562785	6.454115159395385
B	7.680605231648181	7.3912733196019005
B	7.852142912224957	7.142606553475099
B	2.520641380419293	7.798384031309245
B	1.5865753735936314	2.0694225957348182
B	4.298505622155199	6.550336003901163
B	5.655445609031927	6.386528914995995
B	6.987776334017451	5.802671685509296
B	4.7459895082427535	5.374059560420926
B	4.5776821774329255	6.4098706602933495
B	1.677803640926363	8.235577861577795
B	1.7676398047644044	5.294618264301509
B	6.451902484479475	8.506516903999083
B	5.817264710890286	3.5687686218436054
B	4.8518040800068265	5.772462602493024
B	5.249906389339781	7.322273048438879
B	5.065147251509478	7.532109309067433
B	2.589326092772757	5.83076391450272
B	1.6450546438325686	7.196417049395441
B	3.957830874321091	10.400833067761
B	3.556867882442797	5.4869197162436105
B	5.314466538827189	4.334616675767377
B	3.0526403131471342	4.271798793504894
B	6.123421230598028	4.05203029481232
B	8.423951805043757	2.6166575897169357
B	5.635822577967588	5.713482119818416
B	5.895257184946107	8.77558086391674
B	2.7332284964201046	9.714545708275587
B	3.813844601340053	3.7887349752749326
B	5.533293915137367	9.17169646820706
B	5.919906170495076	2.007466592876159
B	0.5557676595516621	2.1925343751529596
B	3.373232160141188	3.1995687919008775
B	5.050754251015626	7.818174122360938
B	6.1090728062725965	11.86767817227471
B	6.262534188584358	3.6135700537264652
B	3.8002499848664004	3.3736217600749745
B	3.0484262658448884	6.806165235305377
B	4.1772778118758715	9.469836060680617
B	6.348654246883218	9.807292026426754
B	3.956901224458466	6.618013065541087
B	7.578296053351126	5.002433764562605
B	4.387708384343326	8.689709408434515
B	3.256047484345893	4.65993371483345
B	0.4475363002767354	5.253444072657422
B	1.270537599131051	7.598072120456166
B	0.3408640303193762	2.2622650364873143
B	3.8834911491233894	5.142273819904908
B	2.5244426063390524	6.492398977889402
B	3.2991719885149275	4.874261301081615
B	2.858295684783264	5.8453825214077435
B	6.49501651982243	4.70903342497339
B	5.634436752643136	4.8050595688659286
B	4.228798322037661	5.504380718448082
B	1.2923851350758575	3.88225776163544
B	2.483748290428902	4.0247360637717104
B	4.558456699951589	7.35387231812534
B	5.030427615559656	8.212294355202053
B	4.402930427819813	1.8455125263982586
B	3.6221014612321283	5.343128672099612
B	2.6423145343536434	5.748143230908669
B	3.5435103106578723	3.891319991374134
B	2.6055942886136276	5.723760069503327
B	4.752958602291296	7.248768228613604
B	1.249544018729316	4.734696906325867
B	-0.13324530600801676	4.159639116569483
B	3.167913092646372	2.8094118810457185
B	4.606262197618868	3.280335581972107
B	4.33452036265739	2.1774199943383845
B	0.9349394973324516	2.0672510052214625
B	4.408237756947676	5.931711696892745
B	2.808157226569212	7.720367703578884
B	0.6563004655881559	2.0709385643505156
B	2.533279887528672	8.041982687617846
B	7.040760006263913	5.121064336029162
B	5.761024018336883	7.033973907083288
B	2.334261175473144	3.951003067692345
B	4.104859987142504	5.68840739325859
B	7.296088567053945	7.9336131811619435
B	4.640696648277298	7.36420096306138
B	4.836955593573567	5.058249508771467
B	5.739774735384984	3.943540190676851
B	0.29799229713032727	4.475392231162108
B	5.337531926151389	5.364149736993274
B	3.535231817927897	6.237022931953449
B	2.865091823293698	1.0510758029379303
B	3.2538254926784083	4.560379930177458
B	4.54062744971772	5.1661122045124195
B	1.1896932640071771	6.0755971379090585
B	4.482977763315128	8.61449766233018
B	3.7386628860766606	12.400470312485114
B	5.508584594490842	5.47271370536852
B	4.147158707119767	5.052777816672629
B	8.14221863877449	6.109606929291294
B	4.738160137734597	6.475680671677985
B	0.12625349344256875	5.037720537693447
B	4.389546701765298	9.611069440502746
B	1.9339239605295262	4.448631753638899
B	4.51428057554565	6.501683596278877
B	3.956466389687996	9.795997759474773
B	5.620242094522851	2.8226091091081926
B	5.077332176064492	3.0006951510305573
B	3.536607489435503	9.377213702084303
B	2.038998525035283	7.3072493024065
B	4.402253069766848	3.3062335701077687
B	2.7977080430301595	6.063821675185355
B	5.983916360680786	6.1121577336699735
B	3.1754046127979496	4.246507107702957
B	5.775423689133185	7.365469435519087
B	2.8178690092123597	7.586161887972122
B	5.5959573732949766	0.7983852774164859
B	5.066650851455923	4.58761104163381
B	4.506085109151055	4.352691071985426
B	0.895576370686662	5.761759702525168
B	5.358999245422496	4.346936567563706
B	3.328795264323968	3.7728597273708546
B	3.6363867137287973	7.25628963079348
B	4.548238287346698	9.118150044783095
B	3.2505588704069703	6.104407407585271
B	0.7439882825774502	6.544298243387379
B	4.413444713136565	6.644209337181838
B	2.695646853757251	5.600413839045299
B	5.503617670599917	4.488971287696878
B	5.59884230643552	7.177205652657378
B	8.98488512099844	6.0351903998220005
B	5.264956153778138	2.0730921905890884
B	3.986014002404893	11.452008969531736
B	3.1384506711978726	5.1742049821238005
B	3.1632928594809173	6.212377461414126
B	1.3032145413750107	5.710277874652243
B	4.243834780309327	3.391039063702638
B	4.370976964965729	9.820786416822012
B	3.1131433017423387	4.511712704619907
B	2.7828688741455414	11.061412122395256
B	3.728112140807854	4.278171816922291
B	2.376298441512695	7.435369789345406
B	3.318691088516392	6.021372911081981
B	5.230349349650668	2.2093309410529787
B	7.2508988463998	7.851319603898163
B	4.796557686005805	5.847584083465843
B	4.127491583566005	4.247836498641172
B	2.5636798964319167	4.9858443581825265
B	3.1959846370555134	4.95354161535356
B	7.323294244978202	10.09113040318487
B	1.6798178409196796	9.017097036795914
B	4.290286411300435	3.500055328173056
B	3.8165010636890044	1.1485084664288792
B	6.407889166797756	5.816450066241771
B	1.9936799343720053	3.382994464735913
B	4.812407370437353	8.374427196479262
B	0.0755763254451165	8.60317792562762
B	5.284701064619357	3.117990662703689
B	3.4204779231695914	7.86445713208418
B	0.7841393843263584	2.628591422457575
B	5.947663806946226	10.146294916004893
B	0.6765403861341333	4.944357888559739
B	1.9399642738213796	4.575599490109274
B	3.8504162520572143	0.10144146476648874
B	4.613349683386981	3.6794247162526017
B	3.7033215590005737	5.864104964491289
B	6.346274718249257	5.27564792381368
B	0.39471864045914806	5.380933510264606
B	1.8994611733293434	2.62446082002136
B	4.958218833576873	4.280066186983
B	7.196264271860755	9.425326607461765
B	5.846912698965407	7.63328715244455
B	4.751619892764618	7.393385683604904
B	4.372150326662052	6.335951546667865
B	1.5476710197983712	4.5369822100937025
B	2.1248990785398285	8.236272992899242
B	1.2201018752947763	5.3977572739437125
B	6.374501096125571	6.745098369431947
B	4.811195772968593	5.184629117107794
B	3.608885979251152	1.352072904740627
B	4.383654713168527	12.02917153731313
B	7.705983604027268	7.828876190757878
B	3.0202695461755797	6.6363795744017295
B	0.9398180170029677	2.618842819037561
B	5.651822592216282	5.528653870020871
B	6.379395474720882	6.171621435455272
B	3.5521076081885266	4.577647944601887
B	2.565609589428307	7.838260558845066
B	3.5105099871271297	3.5905234634522376
B	2.1963682466732672	6.927591367239991
B	4.253918815659499	3.1553232263084703
B	4.461409874899902	6.280227280607345
B	3.7492100042363186	6.69595919970556
B	4.200747470140176	6.772793364513914
B	4.912273063599969	5.430974615505495
B	7.0706128718912336	6.812483232281487
B	4.619038162026591	4.6127400722768
B	5.300725864547282	5.059840989510023
B	2.298368191006074	9.576288105062645
B	4.446227140752924	3.4594204931488597
B	4.966680702680719	2.735014562850613
B	4.669525528545155	3.331764784117715
B	4.3585467252569146	6.865351009663032
B	1.3193821143291258	3.6416155372585948
B	4.619118564279952	5.872566545964357
B	5.838309096082725	5.024569144181012
B	3.9318899508781393	5.005935323687533
B	4.060085014516376	5.625297924313081
B	3.1712998857726107	5.059529660382026
B	7.2480887044455935	6.981670260053669
B	2.8604839929689745	8.109167321321042
B	6.271549337018464	8.223105452611103
B	3.1431664678062923	8.22115686426033
B	4.334498868290076	2.63901677589247
B	7.35750121642716	4.821735834742677
B	4.088307388614695	4.36609033736092
B	0.37839031529363076	5.1239064800985865
B	3.6669359012496656	5.46126689991088
B	3.999450370405027	5.702234282664388
B	3.478451087328885	7.282405506259131
B	4.943007804817578	9.135406212318637
B	3.7253463560669813	6.0615212062004336
B	6.880505784909114	9.571019179815057
B	3.2482960081059398	1.9816431057346433
B	2.4838274707848997	7.618563028778912
B	5.3465041714632	5.8167997652256895
B	4.761297140067956	8.175713686964972
B	7.354822682747242	6.695408545396905
B	6.210280956386473	4.030975792129927
B	2.5203263231282738	5.40593810135288
B	1.4278935895019362	5.892156289321964
B	5.1452796226091975	4.713395003602482
B	1.8878536707283775	2.272256785501123
B	6.894438548966951	5.865096761833703
B	5.143964205290421	11.14593436759252
B	9.829566187470334	9.158328974827104
B	1.3249871025190032	6.640728914324569
B	5.640604260634664	9.901039440547446
B	1.4710417459872351	0.23313314236676064
B	4.5700862421654245	4.980214021443783
B	5.055926403960928	4.483022146850506
B	3.5351611867961967	9.020024634586855
B	2.904474936410471	7.383220850447689
B	3.4805628328748104	3.4399054166595393
B	6.090787338911664	1.3454863200484652
B	2.2680119070291527	4.2994121702589245
B	5.60706664991193	6.579561197827758
B	5.920997112454533	10.287226019420746
B	-0.08276147326339789	5.584353269933625
B	4.58990180863611	6.838949077020217
B	1.2577577502974844	7.290279755265236
B	6.145163853875439	0.3749643605303703
B	5.298234591085052	9.984355001781713
B	5.739551419049075	5.752474590637686
B	1.3797943479934065	7.989285066229089
B	2.0609518726754303	10.625932404303464
B	4.01977273616234	8.994841480344437
B	6.34541998877339	7.3320096433482895
B	6.225717928951314	8.272382875721418
B	2.435301146541474	7.3300951799005585
B	1.7601424707238635	4.2869766541153815
B	-0.29542849584214004	7.650952679218092
B	5.700873054432497	4.963654059550705
B	5.243023438230967	6.850650338429973
B	4.473842985538479	5.27859041553586
B	7.587719259476948	6.035789410019797
B	2.323691340789887	10.136450103656092
B	0.9900764577853862	8.692040952635296
B	4.7711581531690515	8.394755559597673
B	3.2179527497842475	6.0800054398112495
B	1.6438424169264043	5.1946375210927975
B	1.103802864857378	-0.05552714955063287
B	2.519468489607913	4.263984479561552
B	3.4308514584356704	6.704187292990324
B	4.552234477977393	4.00832915523764
B	3.8250377148983574	9.409459381722261
B	3.056127437852873	4.495625029689587
B	3.7549255375201773	6.171110730345405
B	6.28830301471966	7.541543254675813
B	6.367468300190524	5.677442246926635
B	5.580147117938816	7.5910339139890715
B	2.7688397396313134	8.179465895011969
B	2.643618129424649	8.175648001781875
B	4.758350062459322	6.9923125098754735
B	5.705186910646416	4.579097118589868
B	2.5439002667543855	5.193953019086557
B	5.319680160075498	5.4820034061493015
B	4.733356365315175	10.47455077969491
B	4.596376559635077	8.568112578134928
B	2.275131168396972	10.108580973522107
B	1.775345300974199	3.991367779569977
B	2.1554153703528556	4.960225543671552
B	6.234150107733793	8.474735838109652
B	-0.3422360224947445	7.5517752203009065
B	4.514759017780279	7.790081394702373
B	6.464852135441694	4.1466510519933575
B	3.5100140918979443	5.259980976978512
B	4.315339406028144	4.993299366513695
B	1.4879465469335518	2.1488201135155793
B	3.7825144735277836	6.247258391760111
B	5.1999606824975375	10.246922417235705
B	1.6901204004660593	5.390578974816215
B	6.967362361195531	9.754738162662619
B	7.728309303647046	8.481628263496926
B	2.8925572548398417	4.870403060120982
B	7.072115560571371	3.0425027264605875
B	4.3669915072257375	6.584074985945488
B	3.0193459640941107	6.778616771062794
B	4.824915211114548	6.126427706851912
B	3.2256655864990753	4.346099994956685
B	4.484402797693988	6.536723503630059
B	6.8762200270813665	4.863891684690948
B	5.0876494444663605	5.9035665415541105
B	3.3156327646738113	8.058111946710651
B	3.991077749127074	5.426425887300999
B	7.635337011517505	5.831286447101544
B	3.624681601500718	9.538260406269389
B	7.8745194156258025	6.4346674756585625
B	3.59967168165893	7.3253287465737005
B	2.9859300643918902	11.129324183084034
B	4.33109059920938	4.969215095329632
B	2.071523129841556	3.7149499395996832
B	2.304789086662886	3.3773842814727817
B	2.5898569991723295	5.382529165964518
B	4.095633691703624	7.381159834620192
B	5.329284872978132	7.872727579747263
B	1.7948197113596338	4.22559666517653
B	4.137288219644105	7.193403562404081
B	5.440437917080805	4.8958569271658465
B	1.5223546733055477	6.660790163689268
B	2.8488698947996216	4.033420685384462
B	2.3492113006574216	2.2593147837781355
B	5.808725687964521	4.096106498034861
B	1.9226575212496697	4.578103734302119
B	6.336105470834809	8.106788788979522
B	4.1376951525715056	3.097015165546437
B	4.492836513560917	7.057647843334198
B	3.261128991932119	6.779845024301155
B	4.624631820531202	6.9537198097013455
B	5.097451118583533	5.850511015761228
B	5.787959084264324	7.577205163123008
B	6.162234701610588	9.521405304105258
B	6.151361389087818	5.4803749338553
B	2.6496844819607603	3.238326973366393
B	2.1858498706267726	2.9621506344535034
B	4.53865537480908	7.7795632666152645
B	-0.27073806368059117	11.474507186075575
B	2.070285823933675	4.015988018054816
B	3.023128361456809	2.237543914031077
B	4.832571375160892	5.51227440816921
B	5.359408486907866	4.545855053798306
B	0.39932037356964356	5.3958958543282
B	3.626493768619585	7.724203983961571
B	3.1386123100066823	4.133885565999994
B	2.097130580127125	6.278302521542779
B	4.934892740037626	7.2814714416679
B	3.4932748190471488	2.3405804047018783
B	7.221907179545689	7.380423252354291
B	0.07965020651168864	5.132221544474144
B	0.08966997750626993	7.843541440001258
B	3.7405336493238535	4.818863188412072
B	6.084021484339216	6.028099743289549
B	0.9850646398949712	4.833984145881259
B	6.774586723861536	11.087628006093635
B	3.5667366121493087	3.7924772127752693
B	5.0561607693114885	6.8311679132228385
B	4.362490217195649	4.965485255367648
B	4.2208498403976815	1.2530488725327302
B	3.8116062176926033	6.6995718889368145
B	5.31720691084876	3.8821165093907584
B	1.607435437946347	6.975146946344526
B	2.908199383770744	4.58635073621172
B	2.2709441187379746	2.8677123401802715
B	5.937499682645676	3.9813639075979745
B	4.802144288276348	6.854920787541072
B	6.520555656728172	5.777670369228081
B	5.417823177559631	6.885571474343582
B	4.550349609604626	5.828725220016375
B	3.7369703559600516	8.583015330469149
B	4.345614342814883	6.081438110798402
B	0.35304488598867145	8.09967522046547
B	6.993970043008892	6.028754630803424
B	2.7726249510547474	7.768085164116586
B	1.398300434355701	7.69417383370474
B	4.228622160790227	9.169990616699277
B	4.700874557115576	2.6516868701202894
B	3.7765568736572352	7.497889474189684
B	6.5310855287203795	5.11019686101195
B	2.4963463724572987	6.775941491783927
B	5.684669612708604	4.658977374585087
B	7.823648233605686	10.089144205465852
B	2.8567259140706134	8.896773640910759
B	4.13174701337476	3.7701603903637224
B	6.766210564268592	9.385174188089861
B	3.6046788014102766	1.0724172380863184
B	1.452524667776998	6.355414530373426
B	5.41815245615008	3.8751968195516264
B	4.706251523170708	4.9699830901302935
B	6.983472755654272	9.209722977117917
B	3.8949929174181745	7.83993482052141
B	6.280708546774601	10.114657466686513
B	4.909040434613763	4.229050087923942
B	4.277477957886615	5.718976265330501
B	5.355140454064037	4.528684002022792
B	3.4824304330579654	7.63300519602547
B	7.55825510036497	5.352125958808024
B	5.831826071527853	7.129049519670559
B	2.1936984212692803	3.0038480336263693
B	4.2938845254463684	10.362748046500894
B	2.5555735695139132	4.728366557228952
B	1.2755108360343383	2.3284543925817904
B	2.678959111222227	4.943381560006502
B	3.1009081702994585	5.713918761353293
B	7.5082756274850455	5.338379402609174
B	2.2368720853680197	5.510576390870519
B	1.9626038830776986	2.129469832963536
B	2.9642932586707214	6.637417935174819
B	6.647732944944686	0.4951253309712893
B	6.782979743056026	6.587371951106479
B	2.8757463730487585	7.93836365073223
B	8.772078089741667	4.409629472167148
B	6.2176079693695065	7.677032208799425
B	3.8165340661019314	5.660593905974224
B	5.04562007073777	7.080589839016156
B	4.703374995381667	4.213137274802003
B	6.443465456657604	7.0861440382288
B	5.276899476091564	6.582635995880559
B	3.2850330413907365	6.63135727744543
B	3.231743582567826	2.102371976446644
B	4.156729186678334	7.970971716469927
B	1.9317617322525944	5.360062966567231
B	4.001521505055473	10.695052389633759
B	0.6317195557883366	7.068885189062872
B	3.7017009160522285	5.564909442203748
B	6.022364172885712	5.461174142919923
B	6.116946084170754	7.353140585685203
B	3.5716164099362633	7.133000110866178
B	2.502880381944877	5.985012059293288
B	2.5381827174309386	4.838196370261869
B	4.357574295311138	6.075210827303682
B	2.387791849583762	3.3276947362267504
B	-1.3114380406949877	5.440204360719278
B	2.81318430078695	7.925022387180666
B	5.205879011569223	2.951509478092727
B	4.370106138239763	1.6708300497449962
B	4.43891264044295	8.743261423390951
B	2.896766580692083	5.039205965745442
B	5.371328293570001	7.384101609938781
B	2.9468996467946256	5.751600046938166
B	1.8046711531413715	9.163972611341054
B	4.164650508808625	6.1615366639154825
B	3.8498138482484494	8.28802159146792
B	5.318955957062522	9.895073606064953
B	4.4459935141760765	7.301901431295939
B	5.061863739070526	5.763279856237557
B	-1.1275270695180222	1.3539104524813919
B	3.987524003305681	2.07880970551569
B	4.653993603777982	7.054073827537704
B	2.10855233720479	6.764128064215587
B	5.5924538853240175	7.371472111209976
B	2.9938611244172213	5.690410159127796
B	4.1251852029924985	4.3535525111504345
B	6.373841743661666	6.249372000132678
B	1.05720044315808	4.5585861856018814
B	3.6391650817534558	8.427100066873477
B	3.5834503198385352	4.925490608486659
B	4.0611090875711415	0.9086703416984045
B	5.1608097390607215	7.8829632017937605
B	2.722903492372371	5.019745443953501
B	1.7151796175554606	2.8017265521763672
B	4.235940051105816	7.779039757026615
B	6.51470994366602	3.05962154240725
B	3.6123815473097727	8.07965363799267
B	1.007213558726908	7.61911327970743
B	3.0830448749373147	1.3171032158606977
B	3.2825460814681398	14.036224089077727
B	5.8849389255574485	1.4800095993031572
B	6.434682602761039	7.125538997279941
B	3.594675018358716	3.7643890768264083
B	4.791984580764039	6.678069809882856
B	2.8078901929248015	7.09140335136404
B	4.75899412426926	4.195633604512408
B	0.35919878393238225	5.378883609898864
B	2.0817214157067223	4.856249594121671
B	7.276052065937569	5.918407955768824
B	5.504632049502814	5.381525442037247
B	2.802810767107093	2.6625644271211444
B	4.19205081574476	4.640680653658437
B	3.825735562690009	4.98002072024868
